idx,ts_system,world_frame,base_frame,x,y,z,qx,qy,qz,qw,yaw_rad,basename,original_timestamp
0,0.000000000,map3d,camera,0.000535247,-0.000093274,-0.000475191,-0.000045663910,0.000043664742,0.000008005560,0.999999997972,0.000016007132,000000,0.000000000
1,1.000000000,map3d,camera,0.000522614,-0.000240326,0.000930786,-0.000061979229,0.000245491083,0.000137953998,0.999999958431,0.000275877591,000001,0.706293625
2,2.000000000,map3d,camera,-0.000130653,0.000049353,0.001510620,-0.000053405747,-0.000090557709,0.000053922132,0.999999993020,0.000107853938,000002,1.412587251
3,3.000000000,map3d,camera,-0.001190186,0.000499725,-0.000352859,-0.000048675336,0.000447307724,0.000219538231,0.999999874675,0.000439033052,000003,2.118880876
4,4.000000000,map3d,camera,-0.000324249,0.000782013,-0.000126839,-0.000028656229,-0.000158123711,0.000074380224,0.999999984322,0.000148769515,000004,2.825174502
5,5.000000000,map3d,camera,-0.001335144,0.002349854,0.000682831,0.000081532462,0.000126882055,0.000183265727,0.999999971834,0.000366552153,000005,3.531468127
6,6.000000000,map3d,camera,-0.000587463,0.001686096,0.001121521,0.000056080702,-0.000383226055,0.000011107982,0.999999924935,0.000022172987,000006,4.237761753
7,7.000000000,map3d,camera,-0.000629425,0.002212524,0.002182007,0.000069113252,-0.000197353015,0.000070072776,0.999999975682,0.000140118281,000007,4.944055378
8,8.000000000,map3d,camera,-0.000018827,0.012410807,0.029761840,0.001194972605,-0.098919615792,0.002115680978,0.995092460802,0.004053526692,000008,5.650349004
9,9.000000000,map3d,camera,0.013247637,0.001293719,0.091410607,0.000931675636,-0.204791833760,-0.001269117468,0.978804283882,-0.003128447335,000009,6.356642629
10,10.000000000,map3d,camera,-0.005542691,0.003810600,0.068440184,0.001303481946,-0.198891461527,-0.000766114309,0.980020357205,-0.002193671094,000010,7.062936255
11,11.000000000,map3d,camera,-0.006386144,0.003946155,0.068440184,0.001245846510,-0.198859156563,-0.000750378660,0.980026999959,-0.002135146681,000011,7.769229880
12,12.000000000,map3d,camera,-0.032371022,0.003922824,0.143322080,0.000924108958,-0.271963003334,0.001759484564,0.962305655732,0.003384322100,000012,8.475523506
13,13.000000000,map3d,camera,-0.027368855,-0.003306756,0.172292843,0.000463143886,-0.286304138028,-0.001570298877,0.958137391091,-0.003916378251,000013,9.181817131
14,14.000000000,map3d,camera,-0.067707330,0.008216308,0.241176471,0.001781390723,-0.237337236904,-0.000336603318,0.971425627274,-0.001689934338,000014,9.888110757
15,15.000000000,map3d,camera,-0.070178397,0.008154532,0.242164895,0.001947844378,-0.236721548296,-0.000323609489,0.971575529617,-0.001746783745,000015,10.594404382
16,16.000000000,map3d,camera,-0.053574912,0.002023941,0.226681411,0.001121518718,-0.235684483107,-0.000238017224,0.971828950982,-0.001115160978,000016,11.300698008
17,17.000000000,map3d,camera,-0.052860580,0.001547720,0.226681411,0.001139489317,-0.235295909550,-0.000667528238,0.971922883216,-0.002062143201,000017,12.006991633
18,18.000000000,map3d,camera,-0.080005199,0.002931738,0.276208431,0.000535708793,-0.213480133808,-0.000053242833,0.976947256842,-0.000366128991,000018,12.713285259
19,19.000000000,map3d,camera,-0.099480800,-0.003344424,0.293125987,-0.000072118624,-0.213617712346,-0.000748618696,0.976917042200,-0.001575669210,000019,13.419578884
20,20.000000000,map3d,camera,-0.115517199,0.003624587,0.351247400,0.001175644922,-0.223122569969,0.000105694930,0.974789682679,-0.000353791233,000020,14.125872510
21,21.000000000,map3d,camera,-0.139935464,0.002435957,0.401962280,0.001264842127,-0.235900297058,-0.000338153064,0.971776381517,-0.001411013971,000021,14.832166135
22,22.000000000,map3d,camera,-0.168110386,0.005546939,0.462068796,0.002962446031,-0.252974570337,0.000262812792,0.967468356901,-0.001135678729,000022,15.538459761
23,23.000000000,map3d,camera,-0.201305985,-0.004337298,0.533774495,0.003469257461,-0.281290622507,0.000838409281,0.959615989348,-0.000407053584,000023,16.244753386
24,24.000000000,map3d,camera,-0.245773628,0.003905027,0.605619431,0.004280300942,-0.299479072191,0.001398400121,0.954092243350,0.000127567234,000024,16.951047012
25,25.000000000,map3d,camera,-0.253032774,0.002527735,0.618063629,0.004230608768,-0.303363186660,0.000617460310,0.952865414249,-0.001703686635,000025,17.657340637
26,26.000000000,map3d,camera,-0.255106807,0.003483738,0.618063629,0.004484659821,-0.303266381359,0.000698641772,0.952895010829,-0.001701628077,000026,18.363634263
27,27.000000000,map3d,camera,-0.250958741,0.002916618,0.613915563,0.004484210336,-0.303530247622,0.001047805882,0.952810675181,-0.000889337947,000027,19.069927888
28,28.000000000,map3d,camera,-0.270228863,0.002557425,0.628337026,0.004536744108,-0.281310197631,-0.000516847775,0.959606025163,-0.004210839748,000028,19.776221514
29,29.000000000,map3d,camera,-0.270228863,0.002694736,0.628337026,0.004238573829,-0.281419445993,-0.000509933638,0.959575359144,-0.003997425282,000029,20.482515139
30,30.000000000,map3d,camera,-0.270228863,0.003398457,0.632730961,0.004422132047,-0.281189975805,-0.000418976927,0.959641842936,-0.003909226490,000030,21.188808765
31,31.000000000,map3d,camera,-0.285607725,0.002935031,0.632730961,0.004018737620,-0.248271984545,0.000211910375,0.968682004856,-0.001807791696,000031,21.895102390
32,32.000000000,map3d,camera,-0.289983541,0.003398245,0.626876175,0.004221548700,-0.249319728762,-0.000338510637,0.968411966462,-0.003152589868,000032,22.601396016
33,33.000000000,map3d,camera,-0.289983541,0.003947961,0.631140649,0.004579920417,-0.249949325663,-0.000511006500,0.968247952645,-0.003747262597,000033,23.307689641
34,34.000000000,map3d,camera,-0.298916101,-0.007933971,0.637475491,0.002990254796,-0.181966484237,-0.000060966376,0.983300184722,-0.001293830236,000034,24.013983267
35,35.000000000,map3d,camera,-0.296380222,-0.001082774,0.635405064,0.002614056770,-0.182918024684,-0.000507549431,0.983124562477,-0.002094438713,000035,24.720276892
36,36.000000000,map3d,camera,-0.304420978,-0.002135915,0.635987759,0.002246363179,-0.180092451829,-0.000606969957,0.983646935762,-0.002142146627,000036,25.426570518
37,37.000000000,map3d,camera,-0.306359947,-0.002151064,0.639865756,0.001561440020,-0.142541177213,-0.000692562180,0.989787398920,-0.001893042926,000037,26.132864143
38,38.000000000,map3d,camera,-0.304420978,-0.003272041,0.639865756,0.001266918279,-0.143134479795,-0.000656680217,0.989702220056,-0.001733546959,000038,26.839157769
39,39.000000000,map3d,camera,-0.304420978,-0.013633503,0.635987759,0.000597411438,-0.141272238470,-0.001978352420,0.989968627715,-0.004255686266,000039,27.545451394
40,40.000000000,map3d,camera,-0.315301508,-0.005605098,0.641931236,0.001402636243,-0.066723655871,-0.001364783059,0.997769574464,-0.002936808245,000040,28.251745020
41,41.000000000,map3d,camera,-0.313413471,-0.005103589,0.645707309,0.001580684319,-0.067493477605,-0.001161412024,0.997717787272,-0.002554166363,000041,28.958038645
42,42.000000000,map3d,camera,-0.317189544,-0.009794171,0.645707309,0.000960535656,-0.028345812743,-0.001428440622,0.999596694587,-0.002914871139,000042,29.664332271
43,43.000000000,map3d,camera,-0.315301508,-0.006136107,0.649483323,0.001472591456,-0.029995692162,-0.001414016324,0.999547943064,-0.002920355537,000043,30.370625896
44,44.000000000,map3d,camera,-0.327515125,-0.013393029,0.647544146,0.000497911583,-0.020152604583,-0.003286073563,0.999791391408,-0.006596249252,000044,31.076919522
45,45.000000000,map3d,camera,-0.344358742,-0.008948181,0.670002341,0.001461983900,0.067761891961,-0.000664667192,0.997700228936,-0.001138600311,000045,31.783213147
46,46.000000000,map3d,camera,-0.355669379,-0.009997032,0.670104980,0.001759733037,0.067871030778,-0.000897432451,0.997692147476,-0.001566284185,000046,32.489506773
47,47.000000000,map3d,camera,-0.349973291,-0.007222878,0.673745394,0.001898007171,0.114693598392,-0.000979617930,0.993398619088,-0.001551750808,000047,33.195800398
48,48.000000000,map3d,camera,-0.357054919,-0.013889343,0.684355259,0.000831226055,0.116604928444,-0.001053170180,0.993177471834,-0.001951180882,000048,33.902094024
49,49.000000000,map3d,camera,-0.362633914,-0.012262140,0.695513248,0.001630806826,0.158271753548,-0.000903562629,0.987393830279,-0.001335008217,000049,34.608387649
50,50.000000000,map3d,camera,-0.362633914,-0.013017627,0.695513248,0.001672474377,0.157837987767,-0.000896290785,0.987463198864,-0.001307286140,000050,35.314681275
51,51.000000000,map3d,camera,-0.362633914,-0.012901398,0.691793919,0.001860451722,0.158393114956,-0.001059011374,0.987373808823,-0.001581259469,000051,36.020974900
52,52.000000000,map3d,camera,-0.243839532,-0.009023014,1.000346541,0.005524673640,0.044901012875,-0.003560736830,0.998969818452,-0.006644874936,000052,36.727268526
53,53.000000000,map3d,camera,-0.202467874,-0.017926842,1.019838214,0.004568791782,0.042779921174,-0.003352115080,0.999068450013,-0.006330308214,000053,37.433562151
54,54.000000000,map3d,camera,-0.303422183,-0.004343986,1.091987371,0.005142667099,0.274870930483,-0.006972370799,0.961442099451,-0.012463996529,000054,38.139855777
55,55.000000000,map3d,camera,-0.187470257,-0.007850316,1.094826221,0.007981627545,0.366907436484,-0.002900910604,0.930218690090,0.000629599811,000055,38.846149402
56,56.000000000,map3d,camera,-0.243153065,-0.010732147,1.097829342,0.006412665344,0.491073334669,0.007680058040,0.871060775382,0.038000795837,000056,39.552443027
57,57.000000000,map3d,camera,-0.295975626,-0.006485026,1.156270981,0.006955445233,0.500656110216,0.001380846642,0.865617221610,0.018757492030,000057,40.258736653
58,58.000000000,map3d,camera,-0.232375801,-0.010353674,1.091584682,0.006398706155,0.490778854593,0.007888191083,0.871224970306,0.038628971087,000058,40.965030278
59,59.000000000,map3d,camera,-0.234903246,-0.009131859,1.098809958,0.007324082985,0.488234341941,0.007552150243,0.872649156411,0.038846674115,000059,41.671323904
60,60.000000000,map3d,camera,-0.256994426,0.001476097,1.159276605,0.007051208648,0.478761985308,0.004600941574,0.877904364505,0.027378585873,000060,42.377617529
61,61.000000000,map3d,camera,-0.207424387,0.005451117,1.182098150,0.009389860307,0.417713935854,0.007175578477,0.908501738793,0.032070320051,000061,43.083911155
62,62.000000000,map3d,camera,-0.144798398,-0.009874272,1.223662257,0.006329211829,0.298256030125,-0.001534283017,0.954463685819,0.001029843823,000062,43.790204780
63,63.000000000,map3d,camera,-0.121832728,-0.006889841,1.205767035,0.006747290923,0.294502050422,0.000904158713,0.955626600121,0.006898878680,000063,44.496498406
64,64.000000000,map3d,camera,-0.088401243,-0.007616288,1.235601902,0.006652037270,0.267953920769,0.002367569694,0.963405854953,0.009489244726,000064,45.202792031
65,65.000000000,map3d,camera,-0.057661377,-0.011804292,1.261025906,0.007829379861,0.120030832679,-0.002775037534,0.992735412476,-0.003737971669,000065,45.909085657
66,66.000000000,map3d,camera,-0.041595683,-0.010513903,1.261475325,0.006552913090,0.117430174687,-0.003131937008,0.993054582777,-0.004814181254,000066,46.615379282
67,67.000000000,map3d,camera,-0.043523684,-0.009957395,1.264470100,0.006568793191,0.117767140906,-0.003545829349,0.993013181470,-0.005651788627,000067,47.321672908
68,68.000000000,map3d,camera,-0.041122451,-0.011969665,1.321765661,0.007618381976,0.016822081256,-0.001156643704,0.999828805353,-0.002057744518,000068,48.027966533
69,69.000000000,map3d,camera,-0.016147681,-0.021569706,1.387744069,0.006877680491,-0.008933958715,-0.003991043752,0.999928474173,-0.008105781068,000069,48.734260159
70,70.000000000,map3d,camera,-0.047529355,-0.016093727,1.364623308,0.006388742375,0.029580020041,-0.011206825734,0.999479171090,-0.022064599689,000070,49.440553784
71,71.000000000,map3d,camera,-0.047926776,-0.021463912,1.539981604,0.005657958997,0.193272489095,-0.002270241632,0.981126178665,-0.002450851547,000071,50.146847410
72,72.000000000,map3d,camera,-0.030060142,-0.017763559,1.556766272,0.005421074564,0.236771012021,-0.003141234899,0.971545280705,-0.003983264907,000072,50.853141035
73,73.000000000,map3d,camera,0.049700826,-0.026360553,1.733754992,0.004013572726,0.134280873688,-0.003415969753,0.990929295836,-0.005905102526,000073,51.559434661
74,74.000000000,map3d,camera,0.060989976,-0.021386098,1.720758915,0.003871795383,0.133912301483,-0.004450739856,0.990975628170,-0.008073908933,000074,52.265728286
75,75.000000000,map3d,camera,0.060993284,-0.020979173,1.720763206,0.003737081006,0.134009238901,-0.005068356382,0.990960074815,-0.009380610493,000075,52.972021912
76,76.000000000,map3d,camera,0.055825233,-0.018911291,1.738605142,0.003518309302,0.178297936150,-0.004836020333,0.983958373292,-0.008823467928,000076,53.678315537
77,77.000000000,map3d,camera,0.057335258,-0.020053130,1.738456130,0.003536025600,0.178351577130,-0.004728375298,0.983949111451,-0.008590341353,000077,54.384609163
78,78.000000000,map3d,camera,0.055819809,-0.019621566,1.738597631,0.003550760471,0.178283651764,-0.004544317833,0.983962235449,-0.008198110679,000078,55.090902788
79,79.000000000,map3d,camera,0.042543620,-0.020577112,1.761220694,0.002765507074,0.272909741602,-0.003279159614,0.962030078543,-0.005640040468,000079,55.797196414
80,80.000000000,map3d,camera,0.043982714,-0.021573152,1.769263029,0.003081342428,0.271410621577,-0.003304788876,0.962453042073,-0.005499019461,000080,56.503490039
81,81.000000000,map3d,camera,0.044958740,-0.021502551,1.762978077,0.003052652181,0.271243711776,-0.002777290347,0.962501852879,-0.004327017077,000081,57.209783665
82,82.000000000,map3d,camera,0.029328465,-0.021312810,1.795388818,0.003149101708,0.392908169748,0.000407652003,0.919572230509,0.004664508841,000082,57.916077290
83,83.000000000,map3d,camera,0.013896806,-0.019153519,1.792729855,0.005158741085,0.395181299623,-0.000204000411,0.918588638185,0.005384109914,000083,58.622370916
84,84.000000000,map3d,camera,0.021792710,-0.023199039,1.793381691,0.003117960271,0.394345313994,0.000836567025,0.918956664816,0.005800729265,000084,59.328664541
85,85.000000000,map3d,camera,0.001555085,-0.020174261,1.820334911,0.003968184721,0.538862537112,0.002624941708,0.842380275937,0.020746471881,000085,60.034958167
86,86.000000000,map3d,camera,-0.006209895,-0.018214846,1.820593357,0.005253536084,0.542639748781,0.001639921127,0.839947506729,0.020568458399,000086,60.741251792
87,87.000000000,map3d,camera,-0.002186045,-0.021115979,1.839468002,0.004035246914,0.540976834973,0.001887634361,0.841025693806,0.018183174684,000087,61.447545418
88,88.000000000,map3d,camera,-0.002566606,-0.026485858,1.834712505,0.003188719792,0.576274178576,0.003078411902,0.817244410536,0.025922888842,000088,62.153839043
89,89.000000000,map3d,camera,-0.000032932,-0.024532421,1.840144634,0.002978399337,0.576969663861,0.002281620039,0.816756959157,0.021432731574,000089,62.860132669
90,90.000000000,map3d,camera,-0.004347712,-0.020678954,1.835923791,0.003361142983,0.576539077085,0.002327634704,0.817059347556,0.022905947712,000090,63.566426294
91,91.000000000,map3d,camera,-0.012577146,-0.021260643,1.861945868,0.004572180566,0.632758022026,0.002925586458,0.774330563565,0.051740957061,000091,64.272719920
92,92.000000000,map3d,camera,-0.016648889,-0.015863409,1.854951024,0.005409394009,0.632036704596,0.002907824199,0.774914115924,0.056368641562,000092,64.979013545
93,93.000000000,map3d,camera,-0.017884791,-0.014803637,1.848719358,0.005505428032,0.631651343769,0.002893519257,0.775227642517,0.056575030326,000093,65.685307171
94,94.000000000,map3d,camera,-0.018574536,-0.016991720,1.863151550,0.004280872209,0.650377291178,0.002143099276,0.759596248266,0.057233503267,000094,66.391600796
95,95.000000000,map3d,camera,-0.022329301,-0.015428380,1.858498335,0.005269637857,0.650603844518,0.002614331913,0.759394517812,0.070459508287,000095,67.097894422
96,96.000000000,map3d,camera,-0.016547918,-0.004250356,1.858344436,0.006843937118,0.651484900034,0.000778392979,0.758630331358,0.066718964208,000096,67.804188047
97,97.000000000,map3d,camera,-0.001736932,-0.007680003,1.863438010,0.003944977575,0.654124907510,-0.000512302681,0.756376083752,0.030398344951,000097,68.510481673
98,98.000000000,map3d,camera,0.007740259,-0.009395365,1.877977490,0.006138097515,0.705678752402,0.001905515744,0.708502781348,1.230158202566,000098,69.216775298
99,99.000000000,map3d,camera,0.005857974,-0.007969102,1.886121392,0.006751422233,0.707362440080,0.001043156506,0.706818016526,1.636493086772,000099,69.923068924
100,100.000000000,map3d,camera,0.051657975,-0.015573649,1.924230933,0.005312657786,0.761741245186,0.002506805835,0.647854742187,3.071049565335,000100,70.629362549
101,101.000000000,map3d,camera,0.056771725,-0.011023348,1.928113699,0.006414519953,0.762575259407,0.002428008678,0.646863148160,3.062494107493,000101,71.335656175
102,102.000000000,map3d,camera,0.134884447,-0.006844624,1.905054212,0.004498664914,0.753838658317,0.002391913975,0.657039814614,3.069034790891,000102,72.041949800
103,103.000000000,map3d,camera,0.185279548,-0.012531992,1.924746990,0.005563522760,0.815566197538,0.002278639854,0.578632553913,3.106150067790,000103,72.748243426
104,104.000000000,map3d,camera,0.295996696,-0.000589445,1.846489668,0.002015572239,0.879025983172,0.002077295891,0.476765081795,3.131463870042,000104,73.454537051
105,105.000000000,map3d,camera,0.282028675,0.000980102,1.849364519,0.007116625767,0.895739634567,0.003064226403,0.444511497286,3.116010339897,000105,74.160830677
106,106.000000000,map3d,camera,0.280393809,0.005155222,1.855584145,0.006512678427,0.896470007271,0.001947596460,0.443052274514,3.119527941916,000106,74.867124302
107,107.000000000,map3d,camera,0.310526788,0.000256257,1.909094810,0.002620098964,0.927737590034,0.006570015920,0.373166094401,3.128058887833,000107,75.573417928
108,108.000000000,map3d,camera,0.267896086,0.011163669,1.928187728,0.002346663131,0.927068299095,0.002194716694,0.374878707323,3.133251819315,000108,76.279711553
109,109.000000000,map3d,camera,0.271814376,0.009242108,1.929812551,0.002455341176,0.926965122997,0.002296401964,0.375132454722,3.132859961831,000109,76.986005179
110,110.000000000,map3d,camera,0.295627534,0.006841062,1.900516272,0.004769249120,0.948113119158,0.004158917943,0.317870210849,3.126945268970,000110,77.692298804
111,111.000000000,map3d,camera,0.292377263,0.002927663,1.898535967,0.005429397396,0.948560834784,0.005742235708,0.316496273418,3.124166956522,000111,78.398592430
112,112.000000000,map3d,camera,0.320875227,0.002568670,1.907903790,0.001987658192,0.952691681022,0.004246536171,0.303902249180,3.133781602951,000112,79.104886055
113,113.000000000,map3d,camera,0.358476639,0.002020813,1.909464121,0.003320918273,0.973865866770,0.008407901632,0.226943940728,3.130127340031,000113,79.811179680
114,114.000000000,map3d,camera,0.356339693,0.003974898,1.919406414,0.003887942949,0.974332853327,0.006568579381,0.224982729544,3.129874572923,000114,80.517473306
115,115.000000000,map3d,camera,0.420694411,0.004966490,1.865466952,0.000612514725,0.998856103063,0.008931193063,0.046971736079,3.139520857367,000115,81.223766931
116,116.000000000,map3d,camera,0.429005921,-0.001583491,1.845590949,0.005488994169,0.999190412345,0.007660389585,0.039111497695,3.129988652788,000116,81.930060557
117,117.000000000,map3d,camera,0.433521837,0.000296405,1.814961672,0.005751064473,0.998390062379,0.008147939848,0.055837439739,3.129121172071,000117,82.636354182
118,118.000000000,map3d,camera,0.421352625,0.008607347,1.704785943,0.007315082813,0.985209313609,0.006412179982,0.171078876221,3.123952130911,000118,83.342647808
119,119.000000000,map3d,camera,0.424410999,0.007834483,1.663102865,0.003854240112,0.980993162829,0.005477285053,0.193926683733,3.131118534693,000119,84.048941433
120,120.000000000,map3d,camera,0.423862100,0.007357672,1.642796516,0.002887565519,0.981768872963,0.005478787538,0.189977695886,3.133238098603,000120,84.755235059
121,121.000000000,map3d,camera,0.450878680,0.007365970,1.602383852,0.003024729189,0.987937800244,0.004584133955,0.154753803112,3.133825311135,000121,85.461528684
122,122.000000000,map3d,camera,0.483083606,0.008807369,1.531536341,0.002477259389,0.997447984483,0.005002545822,0.071178339200,3.135880747296,000122,86.167822310
123,123.000000000,map3d,camera,0.481699824,0.013383633,1.483048081,0.004063206928,0.999612238003,0.004770097893,0.027131349961,3.133198113556,000123,86.874115935
124,124.000000000,map3d,camera,0.510295212,0.013358391,1.407215118,0.003663530345,0.999180847460,0.006697442188,-0.039741123327,3.134782332925,000124,87.580409561
125,125.000000000,map3d,camera,0.514793873,0.011776225,1.369535685,0.002709984311,0.994466264003,0.007879475998,-0.104725448687,3.137769134756,000125,88.286703186
126,126.000000000,map3d,camera,0.510254502,0.019722532,1.299486876,0.003320978669,0.985361640282,0.008955434888,-0.170209309812,3.137881416535,000126,88.992996812
127,127.000000000,map3d,camera,0.506667376,0.010118226,1.261166334,0.001711399638,0.971658025195,0.010128715392,-0.236167657206,-3.139951178635,000127,89.699290437
128,128.000000000,map3d,camera,0.468497425,0.014883107,1.159594417,0.001458305736,0.939756759902,0.010177630781,-0.341689217556,-3.136094590055,000128,90.405584063
129,129.000000000,map3d,camera,0.448151767,0.015894745,1.125523567,0.001532585898,0.932873905687,0.009478026135,-0.360075123118,-3.136237968611,000129,91.111877688
130,130.000000000,map3d,camera,0.411854208,0.010141519,1.087342978,0.002950870902,0.927529486611,0.011041858958,-0.373575188121,-3.137741900744,000130,91.818171314
131,131.000000000,map3d,camera,0.391815931,0.014745468,1.076101065,0.002396373855,0.924544316316,0.009477310790,-0.380949137209,-3.137662187646,000131,92.524464939
132,132.000000000,map3d,camera,0.360633492,0.013382389,1.019863725,0.002779206069,0.919540461986,0.009490660960,-0.392870897546,-3.138198973782,000132,93.230758565
133,133.000000000,map3d,camera,0.332189590,0.016133018,1.005894661,0.002556351641,0.918234823992,0.008606164125,-0.395934599415,-3.138503920184,000133,93.937052190
134,134.000000000,map3d,camera,0.306503832,0.017577348,0.979119956,0.001421576835,0.913761830429,0.008532973193,-0.406158201615,-3.135125466804,000134,94.643345816
135,135.000000000,map3d,camera,0.250853151,0.014578257,0.919773102,0.003195426137,0.905293852809,0.008049570365,-0.424697579148,-3.139947481053,000135,95.349639441
136,136.000000000,map3d,camera,0.180189341,0.018059170,0.854062080,0.004037555362,0.878631970800,0.007237565681,-0.477427665388,3.141254067620,000136,96.055933067
137,137.000000000,map3d,camera,0.150177002,0.016916338,0.838563800,0.004628842566,0.860759890459,0.008231980514,-0.508923588853,-3.140741417174,000137,96.762226692
138,138.000000000,map3d,camera,0.133610278,0.018772043,0.830708742,0.002728060514,0.851794609099,0.008829912554,-0.523794362550,-3.131393607604,000138,97.468520318
139,139.000000000,map3d,camera,0.054496080,0.023112889,0.785401225,-0.000956898460,0.805389383210,0.010413175825,-0.592653854730,-3.094960300059,000139,98.174813943
